"patient_age","spectacle_prescription","astigmatic","tear_production_rate","contact_lenses"
"young","myope","no","reduced","hard"
"pre-presbyopic","hypermetrope","yes","reduced","hard"
"presbyopic","hypermetrope","yes","normal","hard"
"presbyopic","myope","yes","normal","none"
"pre-presbyopic","hypermetrope","no","normal","soft"
"presbyopic","myope","yes","reduced","hard"
"young","myope","yes","reduced","hard"
"young","myope","yes","normal","none"
"presbyopic","hypermetrope","yes","reduced","hard"
"pre-presbyopic","hypermetrope","yes","normal","hard"
"presbyopic","myope","no","reduced","hard"
"young","hypermetrope","no","normal","soft"
"presbyopic","hypermetrope","no","normal","soft"
"pre-presbyopic","myope","no","normal","soft"
"pre-presbyopic","myope","yes","normal","none"
"young","myope","no","normal","soft"
"presbyopic","myope","no","normal","hard"
"pre-presbyopic","myope","no","reduced","hard"
"young","hypermetrope","no","reduced","hard"
"pre-presbyopic","hypermetrope","no","reduced","hard"
"presbyopic","hypermetrope","no","reduced","hard"
"young","hypermetrope","yes","normal","none"
"pre-presbyopic","myope","yes","reduced","hard"
"young","hypermetrope","yes","reduced","hard"
