"","Class","Sex","Age"
"1","3rd","Male","Child"
"4","3rd","Male","Child"
"7","3rd","Male","Child"
"9","3rd","Male","Child"
"12","3rd","Male","Child"
"13","3rd","Male","Child"
"14","3rd","Male","Child"
"17","3rd","Male","Child"
"19","3rd","Male","Child"
"24","3rd","Male","Child"
"26","3rd","Male","Child"
"29","3rd","Male","Child"
"33","3rd","Male","Child"
"34","3rd","Male","Child"
"36","3rd","Female","Child"
"37","3rd","Female","Child"
"38","3rd","Female","Child"
"42","3rd","Female","Child"
"43","3rd","Female","Child"
"44","3rd","Female","Child"
"50","3rd","Female","Child"
"51","3rd","Female","Child"
"52","3rd","Female","Child"
"53","1st","Male","Adult"
"54","1st","Male","Adult"
"55","1st","Male","Adult"
"56","1st","Male","Adult"
"58","1st","Male","Adult"
"59","1st","Male","Adult"
"61","1st","Male","Adult"
"63","1st","Male","Adult"
"66","1st","Male","Adult"
"67","1st","Male","Adult"
"70","1st","Male","Adult"
"73","1st","Male","Adult"
"74","1st","Male","Adult"
"76","1st","Male","Adult"
"77","1st","Male","Adult"
"78","1st","Male","Adult"
"79","1st","Male","Adult"
"80","1st","Male","Adult"
"81","1st","Male","Adult"
"82","1st","Male","Adult"
"86","1st","Male","Adult"
"88","1st","Male","Adult"
"90","1st","Male","Adult"
"92","1st","Male","Adult"
"94","1st","Male","Adult"
"95","1st","Male","Adult"
"99","1st","Male","Adult"
"100","1st","Male","Adult"
"103","1st","Male","Adult"
"105","1st","Male","Adult"
"106","1st","Male","Adult"
"111","1st","Male","Adult"
"112","1st","Male","Adult"
"117","1st","Male","Adult"
"119","1st","Male","Adult"
"120","1st","Male","Adult"
"121","1st","Male","Adult"
"124","1st","Male","Adult"
"127","1st","Male","Adult"
"130","1st","Male","Adult"
"131","1st","Male","Adult"
"133","1st","Male","Adult"
"135","1st","Male","Adult"
"136","1st","Male","Adult"
"137","1st","Male","Adult"
"142","1st","Male","Adult"
"143","1st","Male","Adult"
"145","1st","Male","Adult"
"146","1st","Male","Adult"
"147","1st","Male","Adult"
"151","1st","Male","Adult"
"152","1st","Male","Adult"
"154","1st","Male","Adult"
"158","1st","Male","Adult"
"159","1st","Male","Adult"
"162","1st","Male","Adult"
"163","1st","Male","Adult"
"166","1st","Male","Adult"
"169","1st","Male","Adult"
"173","2nd","Male","Adult"
"175","2nd","Male","Adult"
"176","2nd","Male","Adult"
"177","2nd","Male","Adult"
"179","2nd","Male","Adult"
"180","2nd","Male","Adult"
"182","2nd","Male","Adult"
"184","2nd","Male","Adult"
"185","2nd","Male","Adult"
"186","2nd","Male","Adult"
"187","2nd","Male","Adult"
"188","2nd","Male","Adult"
"189","2nd","Male","Adult"
"190","2nd","Male","Adult"
"191","2nd","Male","Adult"
"192","2nd","Male","Adult"
"194","2nd","Male","Adult"
"195","2nd","Male","Adult"
"199","2nd","Male","Adult"
"201","2nd","Male","Adult"
"203","2nd","Male","Adult"
"207","2nd","Male","Adult"
"208","2nd","Male","Adult"
"210","2nd","Male","Adult"
"211","2nd","Male","Adult"
"213","2nd","Male","Adult"
"215","2nd","Male","Adult"
"216","2nd","Male","Adult"
"217","2nd","Male","Adult"
"219","2nd","Male","Adult"
"220","2nd","Male","Adult"
"225","2nd","Male","Adult"
"226","2nd","Male","Adult"
"228","2nd","Male","Adult"
"229","2nd","Male","Adult"
"231","2nd","Male","Adult"
"232","2nd","Male","Adult"
"234","2nd","Male","Adult"
"235","2nd","Male","Adult"
"237","2nd","Male","Adult"
"238","2nd","Male","Adult"
"239","2nd","Male","Adult"
"240","2nd","Male","Adult"
"242","2nd","Male","Adult"
"243","2nd","Male","Adult"
"244","2nd","Male","Adult"
"246","2nd","Male","Adult"
"247","2nd","Male","Adult"
"248","2nd","Male","Adult"
"253","2nd","Male","Adult"
"256","2nd","Male","Adult"
"257","2nd","Male","Adult"
"258","2nd","Male","Adult"
"259","2nd","Male","Adult"
"260","2nd","Male","Adult"
"261","2nd","Male","Adult"
"263","2nd","Male","Adult"
"265","2nd","Male","Adult"
"267","2nd","Male","Adult"
"268","2nd","Male","Adult"
"270","2nd","Male","Adult"
"272","2nd","Male","Adult"
"273","2nd","Male","Adult"
"274","2nd","Male","Adult"
"275","2nd","Male","Adult"
"276","2nd","Male","Adult"
"279","2nd","Male","Adult"
"280","2nd","Male","Adult"
"283","2nd","Male","Adult"
"284","2nd","Male","Adult"
"286","2nd","Male","Adult"
"288","2nd","Male","Adult"
"289","2nd","Male","Adult"
"291","2nd","Male","Adult"
"293","2nd","Male","Adult"
"295","2nd","Male","Adult"
"298","2nd","Male","Adult"
"299","2nd","Male","Adult"
"303","2nd","Male","Adult"
"305","2nd","Male","Adult"
"308","2nd","Male","Adult"
"309","2nd","Male","Adult"
"310","2nd","Male","Adult"
"312","2nd","Male","Adult"
"315","2nd","Male","Adult"
"319","2nd","Male","Adult"
"320","2nd","Male","Adult"
"324","2nd","Male","Adult"
"326","3rd","Male","Adult"
"328","3rd","Male","Adult"
"330","3rd","Male","Adult"
"332","3rd","Male","Adult"
"334","3rd","Male","Adult"
"338","3rd","Male","Adult"
"339","3rd","Male","Adult"
"342","3rd","Male","Adult"
"343","3rd","Male","Adult"
"347","3rd","Male","Adult"
"349","3rd","Male","Adult"
"351","3rd","Male","Adult"
"353","3rd","Male","Adult"
"354","3rd","Male","Adult"
"357","3rd","Male","Adult"
"359","3rd","Male","Adult"
"360","3rd","Male","Adult"
"361","3rd","Male","Adult"
"362","3rd","Male","Adult"
"366","3rd","Male","Adult"
"367","3rd","Male","Adult"
"368","3rd","Male","Adult"
"370","3rd","Male","Adult"
"376","3rd","Male","Adult"
"378","3rd","Male","Adult"
"379","3rd","Male","Adult"
"380","3rd","Male","Adult"
"382","3rd","Male","Adult"
"385","3rd","Male","Adult"
"387","3rd","Male","Adult"
"390","3rd","Male","Adult"
"393","3rd","Male","Adult"
"395","3rd","Male","Adult"
"397","3rd","Male","Adult"
"398","3rd","Male","Adult"
"400","3rd","Male","Adult"
"401","3rd","Male","Adult"
"402","3rd","Male","Adult"
"403","3rd","Male","Adult"
"404","3rd","Male","Adult"
"406","3rd","Male","Adult"
"408","3rd","Male","Adult"
"409","3rd","Male","Adult"
"410","3rd","Male","Adult"
"411","3rd","Male","Adult"
"412","3rd","Male","Adult"
"414","3rd","Male","Adult"
"415","3rd","Male","Adult"
"416","3rd","Male","Adult"
"417","3rd","Male","Adult"
"418","3rd","Male","Adult"
"419","3rd","Male","Adult"
"421","3rd","Male","Adult"
"422","3rd","Male","Adult"
"423","3rd","Male","Adult"
"424","3rd","Male","Adult"
"426","3rd","Male","Adult"
"427","3rd","Male","Adult"
"435","3rd","Male","Adult"
"436","3rd","Male","Adult"
"439","3rd","Male","Adult"
"440","3rd","Male","Adult"
"441","3rd","Male","Adult"
"442","3rd","Male","Adult"
"444","3rd","Male","Adult"
"451","3rd","Male","Adult"
"453","3rd","Male","Adult"
"455","3rd","Male","Adult"
"458","3rd","Male","Adult"
"460","3rd","Male","Adult"
"463","3rd","Male","Adult"
"465","3rd","Male","Adult"
"468","3rd","Male","Adult"
"469","3rd","Male","Adult"
"471","3rd","Male","Adult"
"473","3rd","Male","Adult"
"475","3rd","Male","Adult"
"477","3rd","Male","Adult"
"478","3rd","Male","Adult"
"480","3rd","Male","Adult"
"482","3rd","Male","Adult"
"483","3rd","Male","Adult"
"487","3rd","Male","Adult"
"488","3rd","Male","Adult"
"489","3rd","Male","Adult"
"490","3rd","Male","Adult"
"492","3rd","Male","Adult"
"493","3rd","Male","Adult"
"495","3rd","Male","Adult"
"500","3rd","Male","Adult"
"501","3rd","Male","Adult"
"503","3rd","Male","Adult"
"505","3rd","Male","Adult"
"506","3rd","Male","Adult"
"507","3rd","Male","Adult"
"510","3rd","Male","Adult"
"511","3rd","Male","Adult"
"512","3rd","Male","Adult"
"515","3rd","Male","Adult"
"516","3rd","Male","Adult"
"517","3rd","Male","Adult"
"519","3rd","Male","Adult"
"527","3rd","Male","Adult"
"529","3rd","Male","Adult"
"530","3rd","Male","Adult"
"537","3rd","Male","Adult"
"543","3rd","Male","Adult"
"544","3rd","Male","Adult"
"545","3rd","Male","Adult"
"546","3rd","Male","Adult"
"548","3rd","Male","Adult"
"549","3rd","Male","Adult"
"553","3rd","Male","Adult"
"555","3rd","Male","Adult"
"556","3rd","Male","Adult"
"559","3rd","Male","Adult"
"560","3rd","Male","Adult"
"561","3rd","Male","Adult"
"564","3rd","Male","Adult"
"566","3rd","Male","Adult"
"567","3rd","Male","Adult"
"568","3rd","Male","Adult"
"569","3rd","Male","Adult"
"571","3rd","Male","Adult"
"573","3rd","Male","Adult"
"576","3rd","Male","Adult"
"577","3rd","Male","Adult"
"579","3rd","Male","Adult"
"582","3rd","Male","Adult"
"585","3rd","Male","Adult"
"586","3rd","Male","Adult"
"587","3rd","Male","Adult"
"588","3rd","Male","Adult"
"592","3rd","Male","Adult"
"593","3rd","Male","Adult"
"595","3rd","Male","Adult"
"596","3rd","Male","Adult"
"599","3rd","Male","Adult"
"600","3rd","Male","Adult"
"602","3rd","Male","Adult"
"605","3rd","Male","Adult"
"606","3rd","Male","Adult"
"609","3rd","Male","Adult"
"611","3rd","Male","Adult"
"612","3rd","Male","Adult"
"613","3rd","Male","Adult"
"615","3rd","Male","Adult"
"616","3rd","Male","Adult"
"617","3rd","Male","Adult"
"618","3rd","Male","Adult"
"619","3rd","Male","Adult"
"620","3rd","Male","Adult"
"622","3rd","Male","Adult"
"623","3rd","Male","Adult"
"627","3rd","Male","Adult"
"628","3rd","Male","Adult"
"629","3rd","Male","Adult"
"632","3rd","Male","Adult"
"637","3rd","Male","Adult"
"638","3rd","Male","Adult"
"645","3rd","Male","Adult"
"647","3rd","Male","Adult"
"649","3rd","Male","Adult"
"651","3rd","Male","Adult"
"653","3rd","Male","Adult"
"655","3rd","Male","Adult"
"658","3rd","Male","Adult"
"659","3rd","Male","Adult"
"663","3rd","Male","Adult"
"664","3rd","Male","Adult"
"665","3rd","Male","Adult"
"668","3rd","Male","Adult"
"671","3rd","Male","Adult"
"672","3rd","Male","Adult"
"674","3rd","Male","Adult"
"678","3rd","Male","Adult"
"681","3rd","Male","Adult"
"682","3rd","Male","Adult"
"685","3rd","Male","Adult"
"686","3rd","Male","Adult"
"688","3rd","Male","Adult"
"690","3rd","Male","Adult"
"693","3rd","Male","Adult"
"694","3rd","Male","Adult"
"696","3rd","Male","Adult"
"697","3rd","Male","Adult"
"698","3rd","Male","Adult"
"701","3rd","Male","Adult"
"702","3rd","Male","Adult"
"703","3rd","Male","Adult"
"706","3rd","Male","Adult"
"710","3rd","Male","Adult"
"711","3rd","Male","Adult"
"713","Crew","Male","Adult"
"714","Crew","Male","Adult"
"715","Crew","Male","Adult"
"716","Crew","Male","Adult"
"717","Crew","Male","Adult"
"718","Crew","Male","Adult"
"720","Crew","Male","Adult"
"721","Crew","Male","Adult"
"722","Crew","Male","Adult"
"723","Crew","Male","Adult"
"724","Crew","Male","Adult"
"726","Crew","Male","Adult"
"728","Crew","Male","Adult"
"729","Crew","Male","Adult"
"730","Crew","Male","Adult"
"731","Crew","Male","Adult"
"734","Crew","Male","Adult"
"735","Crew","Male","Adult"
"737","Crew","Male","Adult"
"744","Crew","Male","Adult"
"745","Crew","Male","Adult"
"747","Crew","Male","Adult"
"748","Crew","Male","Adult"
"751","Crew","Male","Adult"
"754","Crew","Male","Adult"
"756","Crew","Male","Adult"
"758","Crew","Male","Adult"
"761","Crew","Male","Adult"
"764","Crew","Male","Adult"
"773","Crew","Male","Adult"
"774","Crew","Male","Adult"
"775","Crew","Male","Adult"
"776","Crew","Male","Adult"
"778","Crew","Male","Adult"
"782","Crew","Male","Adult"
"786","Crew","Male","Adult"
"788","Crew","Male","Adult"
"791","Crew","Male","Adult"
"792","Crew","Male","Adult"
"793","Crew","Male","Adult"
"796","Crew","Male","Adult"
"797","Crew","Male","Adult"
"801","Crew","Male","Adult"
"806","Crew","Male","Adult"
"807","Crew","Male","Adult"
"808","Crew","Male","Adult"
"809","Crew","Male","Adult"
"812","Crew","Male","Adult"
"813","Crew","Male","Adult"
"819","Crew","Male","Adult"
"822","Crew","Male","Adult"
"824","Crew","Male","Adult"
"826","Crew","Male","Adult"
"828","Crew","Male","Adult"
"829","Crew","Male","Adult"
"830","Crew","Male","Adult"
"831","Crew","Male","Adult"
"834","Crew","Male","Adult"
"838","Crew","Male","Adult"
"839","Crew","Male","Adult"
"840","Crew","Male","Adult"
"842","Crew","Male","Adult"
"844","Crew","Male","Adult"
"845","Crew","Male","Adult"
"850","Crew","Male","Adult"
"851","Crew","Male","Adult"
"853","Crew","Male","Adult"
"855","Crew","Male","Adult"
"856","Crew","Male","Adult"
"858","Crew","Male","Adult"
"864","Crew","Male","Adult"
"866","Crew","Male","Adult"
"870","Crew","Male","Adult"
"871","Crew","Male","Adult"
"873","Crew","Male","Adult"
"876","Crew","Male","Adult"
"877","Crew","Male","Adult"
"879","Crew","Male","Adult"
"883","Crew","Male","Adult"
"885","Crew","Male","Adult"
"889","Crew","Male","Adult"
"890","Crew","Male","Adult"
"892","Crew","Male","Adult"
"893","Crew","Male","Adult"
"894","Crew","Male","Adult"
"895","Crew","Male","Adult"
"896","Crew","Male","Adult"
"897","Crew","Male","Adult"
"898","Crew","Male","Adult"
"899","Crew","Male","Adult"
"900","Crew","Male","Adult"
"903","Crew","Male","Adult"
"904","Crew","Male","Adult"
"905","Crew","Male","Adult"
"909","Crew","Male","Adult"
"910","Crew","Male","Adult"
"912","Crew","Male","Adult"
"913","Crew","Male","Adult"
"915","Crew","Male","Adult"
"916","Crew","Male","Adult"
"917","Crew","Male","Adult"
"920","Crew","Male","Adult"
"922","Crew","Male","Adult"
"923","Crew","Male","Adult"
"924","Crew","Male","Adult"
"925","Crew","Male","Adult"
"926","Crew","Male","Adult"
"927","Crew","Male","Adult"
"930","Crew","Male","Adult"
"931","Crew","Male","Adult"
"932","Crew","Male","Adult"
"933","Crew","Male","Adult"
"935","Crew","Male","Adult"
"937","Crew","Male","Adult"
"942","Crew","Male","Adult"
"944","Crew","Male","Adult"
"946","Crew","Male","Adult"
"947","Crew","Male","Adult"
"952","Crew","Male","Adult"
"953","Crew","Male","Adult"
"954","Crew","Male","Adult"
"955","Crew","Male","Adult"
"956","Crew","Male","Adult"
"957","Crew","Male","Adult"
"962","Crew","Male","Adult"
"963","Crew","Male","Adult"
"965","Crew","Male","Adult"
"967","Crew","Male","Adult"
"970","Crew","Male","Adult"
"972","Crew","Male","Adult"
"973","Crew","Male","Adult"
"974","Crew","Male","Adult"
"975","Crew","Male","Adult"
"976","Crew","Male","Adult"
"977","Crew","Male","Adult"
"979","Crew","Male","Adult"
"982","Crew","Male","Adult"
"984","Crew","Male","Adult"
"985","Crew","Male","Adult"
"990","Crew","Male","Adult"
"991","Crew","Male","Adult"
"992","Crew","Male","Adult"
"993","Crew","Male","Adult"
"995","Crew","Male","Adult"
"996","Crew","Male","Adult"
"997","Crew","Male","Adult"
"999","Crew","Male","Adult"
"1000","Crew","Male","Adult"
"1001","Crew","Male","Adult"
"1004","Crew","Male","Adult"
"1005","Crew","Male","Adult"
"1008","Crew","Male","Adult"
"1009","Crew","Male","Adult"
"1011","Crew","Male","Adult"
"1013","Crew","Male","Adult"
"1014","Crew","Male","Adult"
"1015","Crew","Male","Adult"
"1016","Crew","Male","Adult"
"1021","Crew","Male","Adult"
"1023","Crew","Male","Adult"
"1026","Crew","Male","Adult"
"1029","Crew","Male","Adult"
"1033","Crew","Male","Adult"
"1034","Crew","Male","Adult"
"1038","Crew","Male","Adult"
"1039","Crew","Male","Adult"
"1041","Crew","Male","Adult"
"1042","Crew","Male","Adult"
"1043","Crew","Male","Adult"
"1047","Crew","Male","Adult"
"1048","Crew","Male","Adult"
"1049","Crew","Male","Adult"
"1050","Crew","Male","Adult"
"1053","Crew","Male","Adult"
"1054","Crew","Male","Adult"
"1056","Crew","Male","Adult"
"1057","Crew","Male","Adult"
"1058","Crew","Male","Adult"
"1059","Crew","Male","Adult"
"1061","Crew","Male","Adult"
"1065","Crew","Male","Adult"
"1067","Crew","Male","Adult"
"1069","Crew","Male","Adult"
"1071","Crew","Male","Adult"
"1072","Crew","Male","Adult"
"1074","Crew","Male","Adult"
"1077","Crew","Male","Adult"
"1078","Crew","Male","Adult"
"1080","Crew","Male","Adult"
"1082","Crew","Male","Adult"
"1084","Crew","Male","Adult"
"1085","Crew","Male","Adult"
"1086","Crew","Male","Adult"
"1088","Crew","Male","Adult"
"1093","Crew","Male","Adult"
"1101","Crew","Male","Adult"
"1102","Crew","Male","Adult"
"1103","Crew","Male","Adult"
"1104","Crew","Male","Adult"
"1105","Crew","Male","Adult"
"1106","Crew","Male","Adult"
"1107","Crew","Male","Adult"
"1112","Crew","Male","Adult"
"1113","Crew","Male","Adult"
"1119","Crew","Male","Adult"
"1121","Crew","Male","Adult"
"1123","Crew","Male","Adult"
"1126","Crew","Male","Adult"
"1130","Crew","Male","Adult"
"1134","Crew","Male","Adult"
"1138","Crew","Male","Adult"
"1144","Crew","Male","Adult"
"1145","Crew","Male","Adult"
"1147","Crew","Male","Adult"
"1148","Crew","Male","Adult"
"1149","Crew","Male","Adult"
"1151","Crew","Male","Adult"
"1152","Crew","Male","Adult"
"1153","Crew","Male","Adult"
"1158","Crew","Male","Adult"
"1159","Crew","Male","Adult"
"1168","Crew","Male","Adult"
"1172","Crew","Male","Adult"
"1173","Crew","Male","Adult"
"1174","Crew","Male","Adult"
"1175","Crew","Male","Adult"
"1178","Crew","Male","Adult"
"1180","Crew","Male","Adult"
"1183","Crew","Male","Adult"
"1184","Crew","Male","Adult"
"1188","Crew","Male","Adult"
"1189","Crew","Male","Adult"
"1190","Crew","Male","Adult"
"1191","Crew","Male","Adult"
"1192","Crew","Male","Adult"
"1194","Crew","Male","Adult"
"1196","Crew","Male","Adult"
"1198","Crew","Male","Adult"
"1199","Crew","Male","Adult"
"1200","Crew","Male","Adult"
"1202","Crew","Male","Adult"
"1205","Crew","Male","Adult"
"1206","Crew","Male","Adult"
"1209","Crew","Male","Adult"
"1213","Crew","Male","Adult"
"1214","Crew","Male","Adult"
"1217","Crew","Male","Adult"
"1220","Crew","Male","Adult"
"1221","Crew","Male","Adult"
"1222","Crew","Male","Adult"
"1224","Crew","Male","Adult"
"1225","Crew","Male","Adult"
"1226","Crew","Male","Adult"
"1227","Crew","Male","Adult"
"1228","Crew","Male","Adult"
"1230","Crew","Male","Adult"
"1233","Crew","Male","Adult"
"1235","Crew","Male","Adult"
"1237","Crew","Male","Adult"
"1239","Crew","Male","Adult"
"1241","Crew","Male","Adult"
"1242","Crew","Male","Adult"
"1246","Crew","Male","Adult"
"1248","Crew","Male","Adult"
"1249","Crew","Male","Adult"
"1250","Crew","Male","Adult"
"1252","Crew","Male","Adult"
"1253","Crew","Male","Adult"
"1260","Crew","Male","Adult"
"1262","Crew","Male","Adult"
"1263","Crew","Male","Adult"
"1268","Crew","Male","Adult"
"1269","Crew","Male","Adult"
"1271","Crew","Male","Adult"
"1272","Crew","Male","Adult"
"1274","Crew","Male","Adult"
"1275","Crew","Male","Adult"
"1276","Crew","Male","Adult"
"1277","Crew","Male","Adult"
"1278","Crew","Male","Adult"
"1280","Crew","Male","Adult"
"1281","Crew","Male","Adult"
"1284","Crew","Male","Adult"
"1285","Crew","Male","Adult"
"1289","Crew","Male","Adult"
"1290","Crew","Male","Adult"
"1291","Crew","Male","Adult"
"1292","Crew","Male","Adult"
"1293","Crew","Male","Adult"
"1294","Crew","Male","Adult"
"1296","Crew","Male","Adult"
"1298","Crew","Male","Adult"
"1299","Crew","Male","Adult"
"1301","Crew","Male","Adult"
"1302","Crew","Male","Adult"
"1303","Crew","Male","Adult"
"1305","Crew","Male","Adult"
"1307","Crew","Male","Adult"
"1309","Crew","Male","Adult"
"1310","Crew","Male","Adult"
"1311","Crew","Male","Adult"
"1313","Crew","Male","Adult"
"1315","Crew","Male","Adult"
"1316","Crew","Male","Adult"
"1318","Crew","Male","Adult"
"1319","Crew","Male","Adult"
"1320","Crew","Male","Adult"
"1321","Crew","Male","Adult"
"1323","Crew","Male","Adult"
"1324","Crew","Male","Adult"
"1325","Crew","Male","Adult"
"1327","Crew","Male","Adult"
"1328","Crew","Male","Adult"
"1329","Crew","Male","Adult"
"1330","Crew","Male","Adult"
"1331","Crew","Male","Adult"
"1332","Crew","Male","Adult"
"1336","Crew","Male","Adult"
"1340","Crew","Male","Adult"
"1342","Crew","Male","Adult"
"1347","Crew","Male","Adult"
"1350","Crew","Male","Adult"
"1354","Crew","Male","Adult"
"1356","Crew","Male","Adult"
"1358","Crew","Male","Adult"
"1360","Crew","Male","Adult"
"1361","Crew","Male","Adult"
"1362","Crew","Male","Adult"
"1363","Crew","Male","Adult"
"1364","Crew","Male","Adult"
"1366","Crew","Male","Adult"
"1368","Crew","Male","Adult"
"1370","Crew","Male","Adult"
"1371","Crew","Male","Adult"
"1372","Crew","Male","Adult"
"1375","Crew","Male","Adult"
"1376","Crew","Male","Adult"
"1379","Crew","Male","Adult"
"1382","1st","Female","Adult"
"1384","1st","Female","Adult"
"1386","2nd","Female","Adult"
"1388","2nd","Female","Adult"
"1391","2nd","Female","Adult"
"1394","2nd","Female","Adult"
"1395","2nd","Female","Adult"
"1397","2nd","Female","Adult"
"1398","2nd","Female","Adult"
"1399","3rd","Female","Adult"
"1400","3rd","Female","Adult"
"1401","3rd","Female","Adult"
"1403","3rd","Female","Adult"
"1405","3rd","Female","Adult"
"1410","3rd","Female","Adult"
"1414","3rd","Female","Adult"
"1416","3rd","Female","Adult"
"1419","3rd","Female","Adult"
"1420","3rd","Female","Adult"
"1421","3rd","Female","Adult"
"1422","3rd","Female","Adult"
"1423","3rd","Female","Adult"
"1424","3rd","Female","Adult"
"1427","3rd","Female","Adult"
"1428","3rd","Female","Adult"
"1430","3rd","Female","Adult"
"1432","3rd","Female","Adult"
"1433","3rd","Female","Adult"
"1434","3rd","Female","Adult"
"1437","3rd","Female","Adult"
"1439","3rd","Female","Adult"
"1440","3rd","Female","Adult"
"1441","3rd","Female","Adult"
"1442","3rd","Female","Adult"
"1443","3rd","Female","Adult"
"1444","3rd","Female","Adult"
"1447","3rd","Female","Adult"
"1449","3rd","Female","Adult"
"1450","3rd","Female","Adult"
"1454","3rd","Female","Adult"
"1456","3rd","Female","Adult"
"1459","3rd","Female","Adult"
"1460","3rd","Female","Adult"
"1464","3rd","Female","Adult"
"1465","3rd","Female","Adult"
"1467","3rd","Female","Adult"
"1468","3rd","Female","Adult"
"1469","3rd","Female","Adult"
"1471","3rd","Female","Adult"
"1473","3rd","Female","Adult"
"1475","3rd","Female","Adult"
"1476","3rd","Female","Adult"
"1484","3rd","Female","Adult"
"1494","1st","Male","Child"
"1495","1st","Male","Child"
"1496","2nd","Male","Child"
"1497","2nd","Male","Child"
"1498","2nd","Male","Child"
"1499","2nd","Male","Child"
"1500","2nd","Male","Child"
"1503","2nd","Male","Child"
"1504","2nd","Male","Child"
"1508","3rd","Male","Child"
"1509","3rd","Male","Child"
"1515","3rd","Male","Child"
"1517","3rd","Male","Child"
"1522","2nd","Female","Child"
"1528","2nd","Female","Child"
"1531","2nd","Female","Child"
"1534","3rd","Female","Child"
"1535","3rd","Female","Child"
"1536","3rd","Female","Child"
"1539","3rd","Female","Child"
"1540","3rd","Female","Child"
"1542","3rd","Female","Child"
"1544","3rd","Female","Child"
"1548","1st","Male","Adult"
"1551","1st","Male","Adult"
"1552","1st","Male","Adult"
"1553","1st","Male","Adult"
"1554","1st","Male","Adult"
"1560","1st","Male","Adult"
"1561","1st","Male","Adult"
"1562","1st","Male","Adult"
"1563","1st","Male","Adult"
"1565","1st","Male","Adult"
"1567","1st","Male","Adult"
"1568","1st","Male","Adult"
"1569","1st","Male","Adult"
"1570","1st","Male","Adult"
"1571","1st","Male","Adult"
"1572","1st","Male","Adult"
"1573","1st","Male","Adult"
"1574","1st","Male","Adult"
"1576","1st","Male","Adult"
"1581","1st","Male","Adult"
"1584","1st","Male","Adult"
"1586","1st","Male","Adult"
"1588","1st","Male","Adult"
"1592","1st","Male","Adult"
"1594","1st","Male","Adult"
"1597","1st","Male","Adult"
"1598","1st","Male","Adult"
"1599","1st","Male","Adult"
"1600","1st","Male","Adult"
"1601","1st","Male","Adult"
"1604","1st","Male","Adult"
"1606","2nd","Male","Adult"
"1607","2nd","Male","Adult"
"1609","2nd","Male","Adult"
"1611","2nd","Male","Adult"
"1614","2nd","Male","Adult"
"1615","2nd","Male","Adult"
"1619","3rd","Male","Adult"
"1621","3rd","Male","Adult"
"1622","3rd","Male","Adult"
"1624","3rd","Male","Adult"
"1627","3rd","Male","Adult"
"1628","3rd","Male","Adult"
"1630","3rd","Male","Adult"
"1631","3rd","Male","Adult"
"1632","3rd","Male","Adult"
"1633","3rd","Male","Adult"
"1636","3rd","Male","Adult"
"1637","3rd","Male","Adult"
"1639","3rd","Male","Adult"
"1643","3rd","Male","Adult"
"1644","3rd","Male","Adult"
"1646","3rd","Male","Adult"
"1648","3rd","Male","Adult"
"1652","3rd","Male","Adult"
"1653","3rd","Male","Adult"
"1655","3rd","Male","Adult"
"1656","3rd","Male","Adult"
"1657","3rd","Male","Adult"
"1658","3rd","Male","Adult"
"1663","3rd","Male","Adult"
"1664","3rd","Male","Adult"
"1666","3rd","Male","Adult"
"1667","3rd","Male","Adult"
"1668","3rd","Male","Adult"
"1669","3rd","Male","Adult"
"1670","3rd","Male","Adult"
"1671","3rd","Male","Adult"
"1673","3rd","Male","Adult"
"1676","3rd","Male","Adult"
"1680","3rd","Male","Adult"
"1683","3rd","Male","Adult"
"1684","3rd","Male","Adult"
"1685","3rd","Male","Adult"
"1686","3rd","Male","Adult"
"1687","3rd","Male","Adult"
"1691","3rd","Male","Adult"
"1692","3rd","Male","Adult"
"1695","Crew","Male","Adult"
"1698","Crew","Male","Adult"
"1703","Crew","Male","Adult"
"1706","Crew","Male","Adult"
"1707","Crew","Male","Adult"
"1708","Crew","Male","Adult"
"1709","Crew","Male","Adult"
"1714","Crew","Male","Adult"
"1715","Crew","Male","Adult"
"1716","Crew","Male","Adult"
"1718","Crew","Male","Adult"
"1721","Crew","Male","Adult"
"1722","Crew","Male","Adult"
"1724","Crew","Male","Adult"
"1726","Crew","Male","Adult"
"1727","Crew","Male","Adult"
"1731","Crew","Male","Adult"
"1733","Crew","Male","Adult"
"1734","Crew","Male","Adult"
"1740","Crew","Male","Adult"
"1742","Crew","Male","Adult"
"1745","Crew","Male","Adult"
"1748","Crew","Male","Adult"
"1750","Crew","Male","Adult"
"1751","Crew","Male","Adult"
"1753","Crew","Male","Adult"
"1755","Crew","Male","Adult"
"1756","Crew","Male","Adult"
"1760","Crew","Male","Adult"
"1761","Crew","Male","Adult"
"1762","Crew","Male","Adult"
"1764","Crew","Male","Adult"
"1767","Crew","Male","Adult"
"1769","Crew","Male","Adult"
"1771","Crew","Male","Adult"
"1776","Crew","Male","Adult"
"1778","Crew","Male","Adult"
"1779","Crew","Male","Adult"
"1782","Crew","Male","Adult"
"1783","Crew","Male","Adult"
"1784","Crew","Male","Adult"
"1785","Crew","Male","Adult"
"1786","Crew","Male","Adult"
"1789","Crew","Male","Adult"
"1790","Crew","Male","Adult"
"1792","Crew","Male","Adult"
"1793","Crew","Male","Adult"
"1794","Crew","Male","Adult"
"1801","Crew","Male","Adult"
"1802","Crew","Male","Adult"
"1804","Crew","Male","Adult"
"1807","Crew","Male","Adult"
"1808","Crew","Male","Adult"
"1811","Crew","Male","Adult"
"1812","Crew","Male","Adult"
"1817","Crew","Male","Adult"
"1818","Crew","Male","Adult"
"1820","Crew","Male","Adult"
"1826","Crew","Male","Adult"
"1827","Crew","Male","Adult"
"1828","Crew","Male","Adult"
"1830","Crew","Male","Adult"
"1831","Crew","Male","Adult"
"1833","Crew","Male","Adult"
"1837","Crew","Male","Adult"
"1839","Crew","Male","Adult"
"1840","Crew","Male","Adult"
"1841","Crew","Male","Adult"
"1843","Crew","Male","Adult"
"1847","Crew","Male","Adult"
"1848","Crew","Male","Adult"
"1850","Crew","Male","Adult"
"1851","Crew","Male","Adult"
"1852","Crew","Male","Adult"
"1854","Crew","Male","Adult"
"1855","Crew","Male","Adult"
"1858","Crew","Male","Adult"
"1861","Crew","Male","Adult"
"1864","Crew","Male","Adult"
"1865","Crew","Male","Adult"
"1866","Crew","Male","Adult"
"1867","Crew","Male","Adult"
"1868","Crew","Male","Adult"
"1874","Crew","Male","Adult"
"1880","Crew","Male","Adult"
"1881","Crew","Male","Adult"
"1882","Crew","Male","Adult"
"1883","Crew","Male","Adult"
"1886","1st","Female","Adult"
"1890","1st","Female","Adult"
"1892","1st","Female","Adult"
"1896","1st","Female","Adult"
"1897","1st","Female","Adult"
"1899","1st","Female","Adult"
"1901","1st","Female","Adult"
"1902","1st","Female","Adult"
"1903","1st","Female","Adult"
"1907","1st","Female","Adult"
"1910","1st","Female","Adult"
"1911","1st","Female","Adult"
"1912","1st","Female","Adult"
"1913","1st","Female","Adult"
"1915","1st","Female","Adult"
"1916","1st","Female","Adult"
"1920","1st","Female","Adult"
"1921","1st","Female","Adult"
"1922","1st","Female","Adult"
"1923","1st","Female","Adult"
"1925","1st","Female","Adult"
"1926","1st","Female","Adult"
"1927","1st","Female","Adult"
"1930","1st","Female","Adult"
"1935","1st","Female","Adult"
"1937","1st","Female","Adult"
"1939","1st","Female","Adult"
"1940","1st","Female","Adult"
"1941","1st","Female","Adult"
"1943","1st","Female","Adult"
"1945","1st","Female","Adult"
"1951","1st","Female","Adult"
"1954","1st","Female","Adult"
"1955","1st","Female","Adult"
"1959","1st","Female","Adult"
"1962","1st","Female","Adult"
"1968","1st","Female","Adult"
"1974","1st","Female","Adult"
"1977","1st","Female","Adult"
"1979","1st","Female","Adult"
"1982","1st","Female","Adult"
"1984","1st","Female","Adult"
"1986","1st","Female","Adult"
"1988","1st","Female","Adult"
"1990","1st","Female","Adult"
"1991","1st","Female","Adult"
"1995","1st","Female","Adult"
"1996","1st","Female","Adult"
"1997","1st","Female","Adult"
"1998","1st","Female","Adult"
"2000","1st","Female","Adult"
"2002","1st","Female","Adult"
"2003","1st","Female","Adult"
"2005","1st","Female","Adult"
"2006","1st","Female","Adult"
"2010","1st","Female","Adult"
"2012","1st","Female","Adult"
"2015","1st","Female","Adult"
"2019","1st","Female","Adult"
"2021","1st","Female","Adult"
"2022","1st","Female","Adult"
"2027","2nd","Female","Adult"
"2028","2nd","Female","Adult"
"2032","2nd","Female","Adult"
"2034","2nd","Female","Adult"
"2035","2nd","Female","Adult"
"2038","2nd","Female","Adult"
"2039","2nd","Female","Adult"
"2040","2nd","Female","Adult"
"2041","2nd","Female","Adult"
"2043","2nd","Female","Adult"
"2044","2nd","Female","Adult"
"2046","2nd","Female","Adult"
"2047","2nd","Female","Adult"
"2049","2nd","Female","Adult"
"2050","2nd","Female","Adult"
"2051","2nd","Female","Adult"
"2052","2nd","Female","Adult"
"2054","2nd","Female","Adult"
"2056","2nd","Female","Adult"
"2059","2nd","Female","Adult"
"2063","2nd","Female","Adult"
"2064","2nd","Female","Adult"
"2066","2nd","Female","Adult"
"2071","2nd","Female","Adult"
"2072","2nd","Female","Adult"
"2073","2nd","Female","Adult"
"2074","2nd","Female","Adult"
"2076","2nd","Female","Adult"
"2077","2nd","Female","Adult"
"2079","2nd","Female","Adult"
"2080","2nd","Female","Adult"
"2081","2nd","Female","Adult"
"2082","2nd","Female","Adult"
"2083","2nd","Female","Adult"
"2084","2nd","Female","Adult"
"2088","2nd","Female","Adult"
"2091","2nd","Female","Adult"
"2092","2nd","Female","Adult"
"2095","2nd","Female","Adult"
"2096","2nd","Female","Adult"
"2097","2nd","Female","Adult"
"2101","2nd","Female","Adult"
"2103","2nd","Female","Adult"
"2104","2nd","Female","Adult"
"2105","2nd","Female","Adult"
"2108","3rd","Female","Adult"
"2113","3rd","Female","Adult"
"2114","3rd","Female","Adult"
"2115","3rd","Female","Adult"
"2116","3rd","Female","Adult"
"2117","3rd","Female","Adult"
"2119","3rd","Female","Adult"
"2120","3rd","Female","Adult"
"2121","3rd","Female","Adult"
"2122","3rd","Female","Adult"
"2123","3rd","Female","Adult"
"2124","3rd","Female","Adult"
"2125","3rd","Female","Adult"
"2133","3rd","Female","Adult"
"2135","3rd","Female","Adult"
"2136","3rd","Female","Adult"
"2137","3rd","Female","Adult"
"2138","3rd","Female","Adult"
"2139","3rd","Female","Adult"
"2140","3rd","Female","Adult"
"2143","3rd","Female","Adult"
"2144","3rd","Female","Adult"
"2145","3rd","Female","Adult"
"2147","3rd","Female","Adult"
"2149","3rd","Female","Adult"
"2150","3rd","Female","Adult"
"2151","3rd","Female","Adult"
"2152","3rd","Female","Adult"
"2153","3rd","Female","Adult"
"2154","3rd","Female","Adult"
"2155","3rd","Female","Adult"
"2159","3rd","Female","Adult"
"2160","3rd","Female","Adult"
"2162","3rd","Female","Adult"
"2163","3rd","Female","Adult"
"2164","3rd","Female","Adult"
"2167","3rd","Female","Adult"
"2172","3rd","Female","Adult"
"2174","3rd","Female","Adult"
"2176","3rd","Female","Adult"
"2177","3rd","Female","Adult"
"2179","3rd","Female","Adult"
"2180","3rd","Female","Adult"
"2186","Crew","Female","Adult"
"2188","Crew","Female","Adult"
"2189","Crew","Female","Adult"
"2190","Crew","Female","Adult"
"2191","Crew","Female","Adult"
"2195","Crew","Female","Adult"
"2198","Crew","Female","Adult"
"2201","Crew","Female","Adult"
